agent,date,strategy,cash_delta,hour,served_requests,refused_requests,served_value,refused_value,commission,rebalance_cost,net_earnings,shortage_hours,action_executed,action_failed,cash_final,float_final
A01,2026-05-14,No rebalance,0.0,9,59,3,72300.0,6900.0,289.2,0.0,289.2,3,False,False,1100.0,28900.0
A01,2026-05-14,Fixed 50/50 opening reserve,9000.0,9,62,0,79200.0,0.0,316.8,34.0,282.8,0,True,False,3200.0,26800.0
A01,2026-05-14,Historical forecast + optimizer,15000.0,15,62,0,79200.0,0.0,316.8,40.0,276.8,0,True,False,9200.0,20800.0
A01,2026-05-14,ML forecast + optimizer,0.0,9,59,3,72300.0,6900.0,289.2,0.0,289.2,3,False,False,1100.0,28900.0
A01,2026-05-15,No rebalance,0.0,9,83,0,92400.0,0.0,369.6,0.0,369.6,0,False,False,3400.0,26600.0
A01,2026-05-15,Fixed 50/50 opening reserve,9000.0,9,83,0,92400.0,0.0,369.6,34.0,335.6,0,True,False,12400.0,17600.0
A01,2026-05-15,Historical forecast + optimizer,10000.0,9,83,0,92400.0,0.0,369.6,35.0,334.6,0,True,False,13400.0,16600.0
A01,2026-05-15,ML forecast + optimizer,0.0,9,83,0,92400.0,0.0,369.6,0.0,369.6,0,False,False,3400.0,26600.0
A01,2026-05-16,No rebalance,0.0,9,68,0,75400.0,0.0,301.6,0.0,301.6,0,False,False,10200.0,19800.0
A01,2026-05-16,Fixed 50/50 opening reserve,9000.0,9,68,0,75400.0,0.0,301.6,34.0,267.6,0,True,False,19200.0,10800.0
A01,2026-05-16,Historical forecast + optimizer,0.0,9,68,0,75400.0,0.0,301.6,0.0,301.6,0,False,False,10200.0,19800.0
A01,2026-05-16,ML forecast + optimizer,0.0,9,68,0,75400.0,0.0,301.6,0.0,301.6,0,False,False,10200.0,19800.0
A01,2026-05-17,No rebalance,0.0,9,58,0,68500.0,0.0,274.0,0.0,274.0,0,False,False,5700.0,24300.0
A01,2026-05-17,Fixed 50/50 opening reserve,9000.0,9,58,0,68500.0,0.0,274.0,34.0,240.0,0,True,False,14700.0,15300.0
A01,2026-05-17,Historical forecast + optimizer,0.0,9,58,0,68500.0,0.0,274.0,0.0,274.0,0,False,False,5700.0,24300.0
A01,2026-05-17,ML forecast + optimizer,0.0,9,58,0,68500.0,0.0,274.0,0.0,274.0,0,False,False,5700.0,24300.0
A01,2026-05-18,No rebalance,0.0,9,55,5,59300.0,6900.0,237.20000000000002,0.0,237.20000000000002,2,False,False,2100.0,27900.0
A01,2026-05-18,Fixed 50/50 opening reserve,9000.0,9,60,0,66200.0,0.0,264.8,34.0,230.8,0,True,False,4200.0,25800.0
A01,2026-05-18,Historical forecast + optimizer,20000.0,12,60,0,66200.0,0.0,264.8,45.0,219.8,0,True,False,15200.0,14800.0
A01,2026-05-18,ML forecast + optimizer,0.0,9,55,5,59300.0,6900.0,237.20000000000002,0.0,237.20000000000002,2,False,False,2100.0,27900.0
A01,2026-05-19,No rebalance,0.0,9,57,0,65700.0,0.0,262.8,0.0,262.8,0,False,False,5900.0,24100.0
A01,2026-05-19,Fixed 50/50 opening reserve,9000.0,9,57,0,65700.0,0.0,262.8,34.0,228.8,0,True,False,14900.0,15100.0
A01,2026-05-19,Historical forecast + optimizer,15000.0,9,56,1,63700.0,2000.0,254.8,40.0,214.8,1,True,False,18900.0,11100.0
A01,2026-05-19,ML forecast + optimizer,0.0,9,57,0,65700.0,0.0,262.8,0.0,262.8,0,False,False,5900.0,24100.0
A01,2026-05-20,No rebalance,0.0,9,66,4,76100.0,5800.0,304.40000000000003,0.0,304.40000000000003,3,False,False,2700.0,27300.0
A01,2026-05-20,Fixed 50/50 opening reserve,9000.0,9,70,0,81900.0,0.0,327.6,34.0,293.6,0,True,False,5900.0,24100.0
A01,2026-05-20,Historical forecast + optimizer,0.0,9,66,4,76100.0,5800.0,304.40000000000003,0.0,304.40000000000003,3,False,False,2700.0,27300.0
A01,2026-05-20,ML forecast + optimizer,0.0,9,66,4,76100.0,5800.0,304.40000000000003,0.0,304.40000000000003,3,False,False,2700.0,27300.0
A01,2026-05-21,No rebalance,0.0,9,84,3,101800.0,3900.0,407.2,0.0,407.2,2,False,False,1000.0,29000.0
A01,2026-05-21,Fixed 50/50 opening reserve,9000.0,9,86,1,103200.0,2500.0,412.8,34.0,378.8,1,True,False,3600.0,26400.0
A01,2026-05-21,Historical forecast + optimizer,0.0,9,84,3,101800.0,3900.0,407.2,0.0,407.2,2,False,False,1000.0,29000.0
A01,2026-05-21,ML forecast + optimizer,0.0,9,84,3,101800.0,3900.0,407.2,0.0,407.2,2,False,False,1000.0,29000.0
A01,2026-05-22,No rebalance,0.0,9,65,10,79000.0,18100.0,316.0,0.0,316.0,4,False,False,1600.0,28400.0
A01,2026-05-22,Fixed 50/50 opening reserve,9000.0,9,69,6,87600.0,9500.0,350.40000000000003,34.0,316.40000000000003,3,True,False,2000.0,28000.0
A01,2026-05-22,Historical forecast + optimizer,0.0,9,65,10,79000.0,18100.0,316.0,0.0,316.0,4,False,False,1600.0,28400.0
A01,2026-05-22,ML forecast + optimizer,0.0,9,65,10,79000.0,18100.0,316.0,0.0,316.0,4,False,False,1600.0,28400.0
A01,2026-05-23,No rebalance,0.0,9,82,0,99100.0,0.0,396.40000000000003,0.0,396.40000000000003,0,False,False,11500.0,18500.0
A01,2026-05-23,Fixed 50/50 opening reserve,9000.0,9,79,3,94600.0,4500.0,378.40000000000003,34.0,344.40000000000003,2,True,False,16000.0,14000.0
A01,2026-05-23,Historical forecast + optimizer,0.0,9,82,0,99100.0,0.0,396.40000000000003,0.0,396.40000000000003,0,False,False,11500.0,18500.0
A01,2026-05-23,ML forecast + optimizer,0.0,9,82,0,99100.0,0.0,396.40000000000003,0.0,396.40000000000003,0,False,False,11500.0,18500.0
A01,2026-05-24,No rebalance,0.0,9,94,0,118400.0,0.0,473.6,0.0,473.6,0,False,False,1400.0,28600.0
A01,2026-05-24,Fixed 50/50 opening reserve,9000.0,9,91,3,113400.0,5000.0,453.6,34.0,419.6,2,True,False,5400.0,24600.0
A01,2026-05-24,Historical forecast + optimizer,0.0,9,94,0,118400.0,0.0,473.6,0.0,473.6,0,False,False,1400.0,28600.0
A01,2026-05-24,ML forecast + optimizer,0.0,9,94,0,118400.0,0.0,473.6,0.0,473.6,0,False,False,1400.0,28600.0
A01,2026-05-25,No rebalance,0.0,9,66,2,71200.0,4500.0,284.8,0.0,284.8,2,False,False,3800.0,26200.0
A01,2026-05-25,Fixed 50/50 opening reserve,9000.0,9,68,0,75700.0,0.0,302.8,34.0,268.8,0,True,False,8300.0,21700.0
A01,2026-05-25,Historical forecast + optimizer,0.0,9,66,2,71200.0,4500.0,284.8,0.0,284.8,2,False,False,3800.0,26200.0
A01,2026-05-25,ML forecast + optimizer,0.0,9,66,2,71200.0,4500.0,284.8,0.0,284.8,2,False,False,3800.0,26200.0
A01,2026-05-26,No rebalance,0.0,9,42,3,47700.0,3600.0,190.8,0.0,190.8,2,False,False,1700.0,28300.0
A01,2026-05-26,Fixed 50/50 opening reserve,9000.0,9,45,0,51300.0,0.0,205.20000000000002,34.0,171.20000000000002,0,True,False,7100.0,22900.0
A01,2026-05-26,Historical forecast + optimizer,0.0,9,42,3,47700.0,3600.0,190.8,0.0,190.8,2,False,False,1700.0,28300.0
A01,2026-05-26,ML forecast + optimizer,0.0,9,42,3,47700.0,3600.0,190.8,0.0,190.8,2,False,False,1700.0,28300.0
A01,2026-05-27,No rebalance,0.0,9,61,0,64800.0,0.0,259.2,0.0,259.2,0,False,False,5400.0,24600.0
A01,2026-05-27,Fixed 50/50 opening reserve,9000.0,9,61,0,64800.0,0.0,259.2,34.0,225.2,0,True,False,14400.0,15600.0
A01,2026-05-27,Historical forecast + optimizer,0.0,9,61,0,64800.0,0.0,259.2,0.0,259.2,0,False,False,5400.0,24600.0
A01,2026-05-27,ML forecast + optimizer,0.0,9,61,0,64800.0,0.0,259.2,0.0,259.2,0,False,False,5400.0,24600.0
A01,2026-05-28,No rebalance,0.0,9,59,12,69100.0,17900.0,276.40000000000003,0.0,276.40000000000003,5,False,False,900.0,29100.0
A01,2026-05-28,Fixed 50/50 opening reserve,9000.0,9,67,4,77800.0,9200.0,311.2,34.0,277.2,3,True,False,1200.0,28800.0
A01,2026-05-28,Historical forecast + optimizer,0.0,9,59,12,69100.0,17900.0,276.40000000000003,0.0,276.40000000000003,5,False,False,900.0,29100.0
A01,2026-05-28,ML forecast + optimizer,20000.0,9,68,3,80500.0,6500.0,322.0,45.0,277.0,3,True,False,1500.0,28500.0
A01,2026-05-29,No rebalance,0.0,9,93,4,109900.0,9500.0,439.6,0.0,439.6,3,False,False,4300.0,25700.0
A01,2026-05-29,Fixed 50/50 opening reserve,9000.0,9,97,0,119400.0,0.0,477.6,34.0,443.6,0,True,False,3800.0,26200.0
A01,2026-05-29,Historical forecast + optimizer,0.0,9,93,4,109900.0,9500.0,439.6,0.0,439.6,3,False,False,4300.0,25700.0
A01,2026-05-29,ML forecast + optimizer,20000.0,9,94,3,113400.0,6000.0,453.6,45.0,408.6,3,True,False,8800.0,21200.0
A01,2026-05-30,No rebalance,0.0,9,98,12,117800.0,17800.0,471.2,0.0,471.2,4,False,False,3000.0,27000.0
A01,2026-05-30,Fixed 50/50 opening reserve,9000.0,9,103,7,126800.0,8800.0,507.2,34.0,473.2,3,True,False,3000.0,27000.0
A01,2026-05-30,Historical forecast + optimizer,0.0,9,98,12,117800.0,17800.0,471.2,0.0,471.2,4,False,False,3000.0,27000.0
A01,2026-05-30,ML forecast + optimizer,20000.0,15,110,0,135600.0,0.0,542.4,45.0,497.4,0,True,False,5200.0,24800.0
A01,2026-05-31,No rebalance,0.0,9,73,23,86800.0,40600.0,347.2,0.0,347.2,6,False,False,800.0,29200.0
A01,2026-05-31,Fixed 50/50 opening reserve,9000.0,9,77,19,95800.0,31600.0,383.2,34.0,349.2,4,True,False,800.0,29200.0
A01,2026-05-31,Historical forecast + optimizer,0.0,9,73,23,86800.0,40600.0,347.2,0.0,347.2,6,False,False,800.0,29200.0
A01,2026-05-31,ML forecast + optimizer,20000.0,9,84,12,105000.0,22400.0,420.0,45.0,375.0,5,True,False,600.0,29400.0
A01,2026-06-01,No rebalance,0.0,9,48,22,55600.0,36000.0,222.4,0.0,222.4,6,False,False,200.0,29800.0
A01,2026-06-01,Fixed 50/50 opening reserve,9000.0,9,53,17,64600.0,27000.0,258.4,34.0,224.39999999999998,4,True,False,200.0,29800.0
A01,2026-06-01,Historical forecast + optimizer,0.0,9,48,22,55600.0,36000.0,222.4,0.0,222.4,6,False,False,200.0,29800.0
A01,2026-06-01,ML forecast + optimizer,20000.0,15,59,11,75100.0,16500.0,300.40000000000003,45.0,255.40000000000003,4,True,False,700.0,29300.0
A01,2026-06-02,No rebalance,0.0,9,52,17,62700.0,24500.0,250.8,0.0,250.8,5,False,False,1300.0,28700.0
A01,2026-06-02,Fixed 50/50 opening reserve,9000.0,9,59,10,71700.0,15500.0,286.8,34.0,252.8,4,True,False,1300.0,28700.0
A01,2026-06-02,Historical forecast + optimizer,0.0,9,52,17,62700.0,24500.0,250.8,0.0,250.8,5,False,False,1300.0,28700.0
A01,2026-06-02,ML forecast + optimizer,20000.0,9,60,9,76700.0,10500.0,306.8,45.0,261.8,4,True,False,1500.0,28500.0
A01,2026-06-03,No rebalance,0.0,9,70,49,88200.0,74400.0,352.8,0.0,352.8,6,False,False,800.0,29200.0
A01,2026-06-03,Fixed 50/50 opening reserve,9000.0,9,79,40,95900.0,66700.0,383.6,34.0,349.6,5,True,False,2100.0,27900.0
A01,2026-06-03,Historical forecast + optimizer,0.0,9,70,49,88200.0,74400.0,352.8,0.0,352.8,6,False,False,800.0,29200.0
A01,2026-06-03,ML forecast + optimizer,20000.0,9,78,41,96900.0,65700.0,387.6,45.0,342.6,7,True,False,2100.0,27900.0
A02,2026-05-14,No rebalance,0.0,9,79,2,96700.0,2900.0,386.8,0.0,386.8,2,False,False,14700.0,15300.0
A02,2026-05-14,Fixed 50/50 opening reserve,9000.0,9,75,6,87800.0,11800.0,351.2,34.0,317.2,3,True,False,14800.0,15200.0
A02,2026-05-14,Historical forecast + optimizer,0.0,9,79,2,96700.0,2900.0,386.8,0.0,386.8,2,False,False,14700.0,15300.0
A02,2026-05-14,ML forecast + optimizer,0.0,9,79,2,96700.0,2900.0,386.8,0.0,386.8,2,False,False,14700.0,15300.0
A02,2026-05-15,No rebalance,0.0,9,121,10,150700.0,13200.0,602.8000000000001,0.0,602.8000000000001,5,False,False,8300.0,21700.0
A02,2026-05-15,Fixed 50/50 opening reserve,9000.0,9,117,14,141700.0,22200.0,566.8000000000001,34.0,532.8000000000001,6,True,False,8300.0,21700.0
A02,2026-05-15,Historical forecast + optimizer,0.0,9,121,10,150700.0,13200.0,602.8000000000001,0.0,602.8000000000001,5,False,False,8300.0,21700.0
A02,2026-05-15,ML forecast + optimizer,0.0,9,121,10,150700.0,13200.0,602.8000000000001,0.0,602.8000000000001,5,False,False,8300.0,21700.0
A02,2026-05-16,No rebalance,0.0,9,90,0,114000.0,0.0,456.0,0.0,456.0,0,False,False,7000.0,23000.0
A02,2026-05-16,Fixed 50/50 opening reserve,9000.0,9,88,2,111000.0,3000.0,444.0,34.0,410.0,2,True,False,13000.0,17000.0
A02,2026-05-16,Historical forecast + optimizer,0.0,9,90,0,114000.0,0.0,456.0,0.0,456.0,0,False,False,7000.0,23000.0
A02,2026-05-16,ML forecast + optimizer,0.0,9,90,0,114000.0,0.0,456.0,0.0,456.0,0,False,False,7000.0,23000.0
A02,2026-05-17,No rebalance,0.0,9,54,0,64600.0,0.0,258.4,0.0,258.4,0,False,False,3000.0,27000.0
A02,2026-05-17,Fixed 50/50 opening reserve,9000.0,9,54,0,64600.0,0.0,258.4,34.0,224.39999999999998,0,True,False,12000.0,18000.0
A02,2026-05-17,Historical forecast + optimizer,20000.0,15,54,0,64600.0,0.0,258.4,0.0,258.4,0,False,True,3000.0,27000.0
A02,2026-05-17,ML forecast + optimizer,0.0,9,54,0,64600.0,0.0,258.4,0.0,258.4,0,False,False,3000.0,27000.0
A02,2026-05-18,No rebalance,0.0,9,70,1,86100.0,2500.0,344.40000000000003,0.0,344.40000000000003,1,False,False,2700.0,27300.0
A02,2026-05-18,Fixed 50/50 opening reserve,9000.0,9,71,0,88600.0,0.0,354.40000000000003,34.0,320.40000000000003,0,True,False,9200.0,20800.0
A02,2026-05-18,Historical forecast + optimizer,15000.0,9,70,1,86100.0,2500.0,344.40000000000003,40.0,304.40000000000003,1,True,False,12700.0,17300.0
A02,2026-05-18,ML forecast + optimizer,0.0,9,70,1,86100.0,2500.0,344.40000000000003,0.0,344.40000000000003,1,False,False,2700.0,27300.0
A02,2026-05-19,No rebalance,0.0,9,79,5,99500.0,9000.0,398.0,0.0,398.0,2,False,False,900.0,29100.0
A02,2026-05-19,Fixed 50/50 opening reserve,9000.0,9,84,0,108500.0,0.0,434.0,34.0,400.0,0,True,False,900.0,29100.0
A02,2026-05-19,Historical forecast + optimizer,20000.0,15,83,1,106000.0,2500.0,424.0,45.0,379.0,1,True,False,9400.0,20600.0
A02,2026-05-19,ML forecast + optimizer,0.0,9,79,5,99500.0,9000.0,398.0,0.0,398.0,2,False,False,900.0,29100.0
A02,2026-05-20,No rebalance,0.0,9,70,12,86100.0,17600.0,344.40000000000003,0.0,344.40000000000003,3,False,False,1100.0,28900.0
A02,2026-05-20,Fixed 50/50 opening reserve,9000.0,9,77,5,95200.0,8500.0,380.8,34.0,346.8,2,True,False,1000.0,29000.0
A02,2026-05-20,Historical forecast + optimizer,0.0,9,70,12,86100.0,17600.0,344.40000000000003,0.0,344.40000000000003,3,False,False,1100.0,28900.0
A02,2026-05-20,ML forecast + optimizer,0.0,9,70,12,86100.0,17600.0,344.40000000000003,0.0,344.40000000000003,3,False,False,1100.0,28900.0
A02,2026-05-21,No rebalance,0.0,9,59,1,66400.0,2000.0,265.6,0.0,265.6,1,False,False,2800.0,27200.0
A02,2026-05-21,Fixed 50/50 opening reserve,9000.0,9,60,0,68400.0,0.0,273.6,34.0,239.60000000000002,0,True,False,9800.0,20200.0
A02,2026-05-21,Historical forecast + optimizer,0.0,9,59,1,66400.0,2000.0,265.6,0.0,265.6,1,False,False,2800.0,27200.0
A02,2026-05-21,ML forecast + optimizer,0.0,9,59,1,66400.0,2000.0,265.6,0.0,265.6,1,False,False,2800.0,27200.0
A02,2026-05-22,No rebalance,0.0,9,74,0,96800.0,0.0,387.2,0.0,387.2,0,False,False,2600.0,27400.0
A02,2026-05-22,Fixed 50/50 opening reserve,9000.0,9,74,0,96800.0,0.0,387.2,34.0,353.2,0,True,False,11600.0,18400.0
A02,2026-05-22,Historical forecast + optimizer,0.0,9,74,0,96800.0,0.0,387.2,0.0,387.2,0,False,False,2600.0,27400.0
A02,2026-05-22,ML forecast + optimizer,0.0,9,74,0,96800.0,0.0,387.2,0.0,387.2,0,False,False,2600.0,27400.0
A02,2026-05-23,No rebalance,0.0,9,97,5,122900.0,8500.0,491.6,0.0,491.6,4,False,False,18700.0,11300.0
A02,2026-05-23,Fixed 50/50 opening reserve,9000.0,9,92,10,113900.0,17500.0,455.6,34.0,421.6,4,True,False,18700.0,11300.0
A02,2026-05-23,Historical forecast + optimizer,0.0,9,97,5,122900.0,8500.0,491.6,0.0,491.6,4,False,False,18700.0,11300.0
A02,2026-05-23,ML forecast + optimizer,0.0,9,97,5,122900.0,8500.0,491.6,0.0,491.6,4,False,False,18700.0,11300.0
A02,2026-05-24,No rebalance,0.0,9,80,7,95200.0,13100.0,380.8,0.0,380.8,3,False,False,3800.0,26200.0
A02,2026-05-24,Fixed 50/50 opening reserve,9000.0,9,85,2,104200.0,4100.0,416.8,34.0,382.8,2,True,False,3800.0,26200.0
A02,2026-05-24,Historical forecast + optimizer,0.0,9,80,7,95200.0,13100.0,380.8,0.0,380.8,3,False,False,3800.0,26200.0
A02,2026-05-24,ML forecast + optimizer,0.0,9,80,7,95200.0,13100.0,380.8,0.0,380.8,3,False,False,3800.0,26200.0
A02,2026-05-25,No rebalance,0.0,9,74,10,86700.0,16700.0,346.8,0.0,346.8,4,False,False,2700.0,27300.0
A02,2026-05-25,Fixed 50/50 opening reserve,9000.0,9,80,4,95900.0,7500.0,383.6,34.0,349.6,2,True,False,2500.0,27500.0
A02,2026-05-25,Historical forecast + optimizer,0.0,9,74,10,86700.0,16700.0,346.8,0.0,346.8,4,False,False,2700.0,27300.0
A02,2026-05-25,ML forecast + optimizer,0.0,9,74,10,86700.0,16700.0,346.8,0.0,346.8,4,False,False,2700.0,27300.0
A02,2026-05-26,No rebalance,0.0,9,83,14,99700.0,26800.0,398.8,0.0,398.8,4,False,False,100.0,29900.0
A02,2026-05-26,Fixed 50/50 opening reserve,9000.0,9,88,9,108700.0,17800.0,434.8,34.0,400.8,3,True,False,100.0,29900.0
A02,2026-05-26,Historical forecast + optimizer,0.0,9,83,14,99700.0,26800.0,398.8,0.0,398.8,4,False,False,100.0,29900.0
A02,2026-05-26,ML forecast + optimizer,0.0,9,83,14,99700.0,26800.0,398.8,0.0,398.8,4,False,False,100.0,29900.0
A02,2026-05-27,No rebalance,0.0,9,81,0,98600.0,0.0,394.40000000000003,0.0,394.40000000000003,0,False,False,8600.0,21400.0
A02,2026-05-27,Fixed 50/50 opening reserve,9000.0,9,81,0,98600.0,0.0,394.40000000000003,34.0,360.40000000000003,0,True,False,17600.0,12400.0
A02,2026-05-27,Historical forecast + optimizer,0.0,9,81,0,98600.0,0.0,394.40000000000003,0.0,394.40000000000003,0,False,False,8600.0,21400.0
A02,2026-05-27,ML forecast + optimizer,0.0,9,81,0,98600.0,0.0,394.40000000000003,0.0,394.40000000000003,0,False,False,8600.0,21400.0
A02,2026-05-28,No rebalance,0.0,9,97,25,108300.0,44100.0,433.2,0.0,433.2,6,False,False,2300.0,27700.0
A02,2026-05-28,Fixed 50/50 opening reserve,9000.0,9,104,18,118500.0,33900.0,474.0,34.0,440.0,5,True,False,1100.0,28900.0
A02,2026-05-28,Historical forecast + optimizer,0.0,9,97,25,108300.0,44100.0,433.2,0.0,433.2,6,False,False,2300.0,27700.0
A02,2026-05-28,ML forecast + optimizer,20000.0,15,109,13,129500.0,22900.0,518.0,45.0,473.0,5,True,False,1100.0,28900.0
A02,2026-05-29,No rebalance,0.0,9,87,15,115700.0,28100.0,462.8,0.0,462.8,4,False,False,700.0,29300.0
A02,2026-05-29,Fixed 50/50 opening reserve,9000.0,9,90,12,120700.0,23100.0,482.8,34.0,448.8,5,True,False,700.0,29300.0
A02,2026-05-29,Historical forecast + optimizer,0.0,9,87,15,115700.0,28100.0,462.8,0.0,462.8,4,False,False,700.0,29300.0
A02,2026-05-29,ML forecast + optimizer,20000.0,15,87,15,115700.0,28100.0,462.8,0.0,462.8,4,False,True,700.0,29300.0
A02,2026-05-30,No rebalance,0.0,9,119,9,150300.0,17800.0,601.2,0.0,601.2,3,False,False,8900.0,21100.0
A02,2026-05-30,Fixed 50/50 opening reserve,9000.0,9,123,5,158200.0,9900.0,632.8000000000001,34.0,598.8000000000001,2,True,False,10000.0,20000.0
A02,2026-05-30,Historical forecast + optimizer,0.0,9,119,9,150300.0,17800.0,601.2,0.0,601.2,3,False,False,8900.0,21100.0
A02,2026-05-30,ML forecast + optimizer,15000.0,9,125,3,162500.0,5600.0,650.0,40.0,610.0,2,True,False,9500.0,20500.0
A02,2026-05-31,No rebalance,0.0,9,81,18,90600.0,28900.0,362.40000000000003,0.0,362.40000000000003,6,False,False,3400.0,26600.0
A02,2026-05-31,Fixed 50/50 opening reserve,9000.0,9,86,13,101000.0,18500.0,404.0,34.0,370.0,3,True,False,2000.0,28000.0
A02,2026-05-31,Historical forecast + optimizer,0.0,9,81,18,90600.0,28900.0,362.40000000000003,0.0,362.40000000000003,6,False,False,3400.0,26600.0
A02,2026-05-31,ML forecast + optimizer,20000.0,15,81,18,90600.0,28900.0,362.40000000000003,0.0,362.40000000000003,6,False,True,3400.0,26600.0
A02,2026-06-01,No rebalance,0.0,9,64,22,86600.0,37500.0,346.40000000000003,0.0,346.40000000000003,7,False,False,2600.0,27400.0
A02,2026-06-01,Fixed 50/50 opening reserve,9000.0,9,68,18,95600.0,28500.0,382.40000000000003,34.0,348.40000000000003,5,True,False,2600.0,27400.0
A02,2026-06-01,Historical forecast + optimizer,0.0,9,64,22,86600.0,37500.0,346.40000000000003,0.0,346.40000000000003,7,False,False,2600.0,27400.0
A02,2026-06-01,ML forecast + optimizer,20000.0,15,77,9,106700.0,17400.0,426.8,45.0,381.8,4,True,False,2500.0,27500.0
A02,2026-06-02,No rebalance,0.0,9,72,33,92800.0,50300.0,371.2,0.0,371.2,8,False,False,400.0,29600.0
A02,2026-06-02,Fixed 50/50 opening reserve,9000.0,9,77,28,101500.0,41600.0,406.0,34.0,372.0,5,True,False,700.0,29300.0
A02,2026-06-02,Historical forecast + optimizer,10000.0,9,76,29,102700.0,40400.0,410.8,35.0,375.8,5,True,False,500.0,29500.0
A02,2026-06-02,ML forecast + optimizer,20000.0,9,84,21,112500.0,30600.0,450.0,45.0,405.0,4,True,False,700.0,29300.0
A02,2026-06-03,No rebalance,0.0,9,83,19,95100.0,33300.0,380.40000000000003,0.0,380.40000000000003,5,False,False,1700.0,28300.0
A02,2026-06-03,Fixed 50/50 opening reserve,9000.0,9,87,15,104200.0,24200.0,416.8,34.0,382.8,4,True,False,1600.0,28400.0
A02,2026-06-03,Historical forecast + optimizer,0.0,9,83,19,95100.0,33300.0,380.40000000000003,0.0,380.40000000000003,5,False,False,1700.0,28300.0
A02,2026-06-03,ML forecast + optimizer,20000.0,9,89,13,106200.0,22200.0,424.8,45.0,379.8,5,True,False,1600.0,28400.0
A03,2026-05-14,No rebalance,0.0,9,88,0,107700.0,0.0,430.8,0.0,430.8,0,False,False,10300.0,19700.0
A03,2026-05-14,Fixed 50/50 opening reserve,9000.0,9,81,7,100700.0,7000.0,402.8,34.0,368.8,4,True,False,12300.0,17700.0
A03,2026-05-14,Historical forecast + optimizer,15000.0,9,78,10,94700.0,13000.0,378.8,40.0,338.8,6,True,False,12300.0,17700.0
A03,2026-05-14,ML forecast + optimizer,0.0,9,88,0,107700.0,0.0,430.8,0.0,430.8,0,False,False,10300.0,19700.0
A03,2026-05-15,No rebalance,0.0,9,75,4,96100.0,5500.0,384.40000000000003,0.0,384.40000000000003,3,False,False,2700.0,27300.0
A03,2026-05-15,Fixed 50/50 opening reserve,9000.0,9,79,0,101600.0,0.0,406.40000000000003,34.0,372.40000000000003,0,True,False,6200.0,23800.0
A03,2026-05-15,Historical forecast + optimizer,0.0,9,75,4,96100.0,5500.0,384.40000000000003,0.0,384.40000000000003,3,False,False,2700.0,27300.0
A03,2026-05-15,ML forecast + optimizer,0.0,9,75,4,96100.0,5500.0,384.40000000000003,0.0,384.40000000000003,3,False,False,2700.0,27300.0
A03,2026-05-16,No rebalance,0.0,9,59,0,72000.0,0.0,288.0,0.0,288.0,0,False,False,9800.0,20200.0
A03,2026-05-16,Fixed 50/50 opening reserve,9000.0,9,58,1,69500.0,2500.0,278.0,34.0,244.0,1,True,False,16300.0,13700.0
A03,2026-05-16,Historical forecast + optimizer,10000.0,15,58,1,69500.0,2500.0,278.0,35.0,243.0,1,True,False,17300.0,12700.0
A03,2026-05-16,ML forecast + optimizer,0.0,9,59,0,72000.0,0.0,288.0,0.0,288.0,0,False,False,9800.0,20200.0
A03,2026-05-17,No rebalance,0.0,9,49,10,53900.0,20900.0,215.6,0.0,215.6,5,False,False,1900.0,28100.0
A03,2026-05-17,Fixed 50/50 opening reserve,9000.0,9,53,6,62900.0,11900.0,251.6,34.0,217.6,4,True,False,1900.0,28100.0
A03,2026-05-17,Historical forecast + optimizer,0.0,9,49,10,53900.0,20900.0,215.6,0.0,215.6,5,False,False,1900.0,28100.0
A03,2026-05-17,ML forecast + optimizer,0.0,9,49,10,53900.0,20900.0,215.6,0.0,215.6,5,False,False,1900.0,28100.0
A03,2026-05-18,No rebalance,0.0,9,46,0,45600.0,0.0,182.4,0.0,182.4,0,False,False,1400.0,28600.0
A03,2026-05-18,Fixed 50/50 opening reserve,9000.0,9,46,0,45600.0,0.0,182.4,34.0,148.4,0,True,False,10400.0,19600.0
A03,2026-05-18,Historical forecast + optimizer,20000.0,9,44,2,42100.0,3500.0,168.4,45.0,123.4,2,True,False,17900.0,12100.0
A03,2026-05-18,ML forecast + optimizer,0.0,9,46,0,45600.0,0.0,182.4,0.0,182.4,0,False,False,1400.0,28600.0
A03,2026-05-19,No rebalance,0.0,9,45,0,47600.0,0.0,190.4,0.0,190.4,0,False,False,3600.0,26400.0
A03,2026-05-19,Fixed 50/50 opening reserve,9000.0,9,45,0,47600.0,0.0,190.4,34.0,156.4,0,True,False,12600.0,17400.0
A03,2026-05-19,Historical forecast + optimizer,0.0,9,45,0,47600.0,0.0,190.4,0.0,190.4,0,False,False,3600.0,26400.0
A03,2026-05-19,ML forecast + optimizer,0.0,9,45,0,47600.0,0.0,190.4,0.0,190.4,0,False,False,3600.0,26400.0
A03,2026-05-20,No rebalance,0.0,9,67,0,82100.0,0.0,328.40000000000003,0.0,328.40000000000003,0,False,False,7100.0,22900.0
A03,2026-05-20,Fixed 50/50 opening reserve,9000.0,9,66,1,80800.0,1300.0,323.2,34.0,289.2,1,True,False,14800.0,15200.0
A03,2026-05-20,Historical forecast + optimizer,0.0,9,67,0,82100.0,0.0,328.40000000000003,0.0,328.40000000000003,0,False,False,7100.0,22900.0
A03,2026-05-20,ML forecast + optimizer,0.0,9,67,0,82100.0,0.0,328.40000000000003,0.0,328.40000000000003,0,False,False,7100.0,22900.0
A03,2026-05-21,No rebalance,0.0,9,65,0,69400.0,0.0,277.6,0.0,277.6,0,False,False,5000.0,25000.0
A03,2026-05-21,Fixed 50/50 opening reserve,9000.0,9,65,0,69400.0,0.0,277.6,34.0,243.60000000000002,0,True,False,14000.0,16000.0
A03,2026-05-21,Historical forecast + optimizer,0.0,9,65,0,69400.0,0.0,277.6,0.0,277.6,0,False,False,5000.0,25000.0
A03,2026-05-21,ML forecast + optimizer,0.0,9,65,0,69400.0,0.0,277.6,0.0,277.6,0,False,False,5000.0,25000.0
A03,2026-05-22,No rebalance,0.0,9,60,0,66000.0,0.0,264.0,0.0,264.0,0,False,False,8800.0,21200.0
A03,2026-05-22,Fixed 50/50 opening reserve,9000.0,9,60,0,66000.0,0.0,264.0,34.0,230.0,0,True,False,17800.0,12200.0
A03,2026-05-22,Historical forecast + optimizer,0.0,9,60,0,66000.0,0.0,264.0,0.0,264.0,0,False,False,8800.0,21200.0
A03,2026-05-22,ML forecast + optimizer,0.0,9,60,0,66000.0,0.0,264.0,0.0,264.0,0,False,False,8800.0,21200.0
A03,2026-05-23,No rebalance,0.0,9,61,0,66500.0,0.0,266.0,0.0,266.0,0,False,False,8900.0,21100.0
A03,2026-05-23,Fixed 50/50 opening reserve,9000.0,9,60,1,65000.0,1500.0,260.0,34.0,226.0,1,True,False,16400.0,13600.0
A03,2026-05-23,Historical forecast + optimizer,0.0,9,61,0,66500.0,0.0,266.0,0.0,266.0,0,False,False,8900.0,21100.0
A03,2026-05-23,ML forecast + optimizer,0.0,9,61,0,66500.0,0.0,266.0,0.0,266.0,0,False,False,8900.0,21100.0
A03,2026-05-24,No rebalance,0.0,9,61,0,71400.0,0.0,285.6,0.0,285.6,0,False,False,6600.0,23400.0
A03,2026-05-24,Fixed 50/50 opening reserve,9000.0,9,61,0,71400.0,0.0,285.6,34.0,251.60000000000002,0,True,False,15600.0,14400.0
A03,2026-05-24,Historical forecast + optimizer,0.0,9,61,0,71400.0,0.0,285.6,0.0,285.6,0,False,False,6600.0,23400.0
A03,2026-05-24,ML forecast + optimizer,0.0,9,61,0,71400.0,0.0,285.6,0.0,285.6,0,False,False,6600.0,23400.0
A03,2026-05-25,No rebalance,0.0,9,68,2,82900.0,4000.0,331.6,0.0,331.6,1,False,False,2700.0,27300.0
A03,2026-05-25,Fixed 50/50 opening reserve,9000.0,9,70,0,86900.0,0.0,347.6,34.0,313.6,0,True,False,7700.0,22300.0
A03,2026-05-25,Historical forecast + optimizer,0.0,9,68,2,82900.0,4000.0,331.6,0.0,331.6,1,False,False,2700.0,27300.0
A03,2026-05-25,ML forecast + optimizer,0.0,9,68,2,82900.0,4000.0,331.6,0.0,331.6,1,False,False,2700.0,27300.0
A03,2026-05-26,No rebalance,0.0,9,66,4,76800.0,9000.0,307.2,0.0,307.2,2,False,False,2600.0,27400.0
A03,2026-05-26,Fixed 50/50 opening reserve,9000.0,9,70,0,85800.0,0.0,343.2,34.0,309.2,0,True,False,2600.0,27400.0
A03,2026-05-26,Historical forecast + optimizer,0.0,9,66,4,76800.0,9000.0,307.2,0.0,307.2,2,False,False,2600.0,27400.0
A03,2026-05-26,ML forecast + optimizer,0.0,9,66,4,76800.0,9000.0,307.2,0.0,307.2,2,False,False,2600.0,27400.0
A03,2026-05-27,No rebalance,0.0,9,52,0,58000.0,0.0,232.0,0.0,232.0,0,False,False,3400.0,26600.0
A03,2026-05-27,Fixed 50/50 opening reserve,9000.0,9,52,0,58000.0,0.0,232.0,34.0,198.0,0,True,False,12400.0,17600.0
A03,2026-05-27,Historical forecast + optimizer,0.0,9,52,0,58000.0,0.0,232.0,0.0,232.0,0,False,False,3400.0,26600.0
A03,2026-05-27,ML forecast + optimizer,0.0,9,52,0,58000.0,0.0,232.0,0.0,232.0,0,False,False,3400.0,26600.0
A03,2026-05-28,No rebalance,0.0,9,53,19,49200.0,29000.0,196.8,0.0,196.8,7,False,False,400.0,29600.0
A03,2026-05-28,Fixed 50/50 opening reserve,9000.0,9,57,15,58200.0,20000.0,232.8,34.0,198.8,4,True,False,400.0,29600.0
A03,2026-05-28,Historical forecast + optimizer,0.0,9,53,19,49200.0,29000.0,196.8,0.0,196.8,7,False,False,400.0,29600.0
A03,2026-05-28,ML forecast + optimizer,20000.0,9,67,5,68700.0,9500.0,274.8,45.0,229.8,2,True,False,900.0,29100.0
A03,2026-05-29,No rebalance,0.0,9,57,12,67400.0,20500.0,269.6,0.0,269.6,3,False,False,1000.0,29000.0
A03,2026-05-29,Fixed 50/50 opening reserve,9000.0,9,63,6,75600.0,12300.0,302.40000000000003,34.0,268.40000000000003,3,True,False,1800.0,28200.0
A03,2026-05-29,Historical forecast + optimizer,0.0,9,57,12,67400.0,20500.0,269.6,0.0,269.6,3,False,False,1000.0,29000.0
A03,2026-05-29,ML forecast + optimizer,20000.0,15,67,2,85400.0,2500.0,341.6,45.0,296.6,2,True,False,1000.0,29000.0
A03,2026-05-30,No rebalance,0.0,9,75,11,84100.0,12300.0,336.40000000000003,0.0,336.40000000000003,4,False,False,1500.0,28500.0
A03,2026-05-30,Fixed 50/50 opening reserve,9000.0,9,83,3,93400.0,3000.0,373.6,34.0,339.6,2,True,False,1200.0,28800.0
A03,2026-05-30,Historical forecast + optimizer,0.0,9,75,11,84100.0,12300.0,336.40000000000003,0.0,336.40000000000003,4,False,False,1500.0,28500.0
A03,2026-05-30,ML forecast + optimizer,15000.0,9,84,2,93400.0,3000.0,373.6,40.0,333.6,2,True,False,1200.0,28800.0
A03,2026-05-31,No rebalance,0.0,9,78,22,95200.0,33200.0,380.8,0.0,380.8,5,False,False,2600.0,27400.0
A03,2026-05-31,Fixed 50/50 opening reserve,9000.0,9,84,16,104200.0,24200.0,416.8,34.0,382.8,4,True,False,2600.0,27400.0
A03,2026-05-31,Historical forecast + optimizer,0.0,9,78,22,95200.0,33200.0,380.8,0.0,380.8,5,False,False,2600.0,27400.0
A03,2026-05-31,ML forecast + optimizer,20000.0,9,85,15,108400.0,20000.0,433.6,45.0,388.6,5,True,False,2400.0,27600.0
A03,2026-06-01,No rebalance,0.0,9,68,17,73700.0,34500.0,294.8,0.0,294.8,8,False,False,1300.0,28700.0
A03,2026-06-01,Fixed 50/50 opening reserve,9000.0,9,72,13,82500.0,25700.0,330.0,34.0,296.0,5,True,False,1500.0,28500.0
A03,2026-06-01,Historical forecast + optimizer,0.0,9,68,17,73700.0,34500.0,294.8,0.0,294.8,8,False,False,1300.0,28700.0
A03,2026-06-01,ML forecast + optimizer,20000.0,9,78,7,93700.0,14500.0,374.8,45.0,329.8,3,True,False,1300.0,28700.0
A03,2026-06-02,No rebalance,0.0,9,63,12,65400.0,20100.0,261.6,0.0,261.6,4,False,False,1800.0,28200.0
A03,2026-06-02,Fixed 50/50 opening reserve,9000.0,9,69,6,74300.0,11200.0,297.2,34.0,263.2,2,True,False,1900.0,28100.0
A03,2026-06-02,Historical forecast + optimizer,0.0,9,63,12,65400.0,20100.0,261.6,0.0,261.6,4,False,False,1800.0,28200.0
A03,2026-06-02,ML forecast + optimizer,20000.0,9,75,0,85500.0,0.0,342.0,45.0,297.0,0,True,False,1700.0,28300.0
A03,2026-06-03,No rebalance,0.0,9,48,11,54600.0,16000.0,218.4,0.0,218.4,5,False,False,0.0,30000.0
A03,2026-06-03,Fixed 50/50 opening reserve,9000.0,9,53,6,63200.0,7400.0,252.8,34.0,218.8,3,True,False,400.0,29600.0
A03,2026-06-03,Historical forecast + optimizer,0.0,9,48,11,54600.0,16000.0,218.4,0.0,218.4,5,False,False,0.0,30000.0
A03,2026-06-03,ML forecast + optimizer,20000.0,9,59,0,70600.0,0.0,282.40000000000003,45.0,237.40000000000003,0,True,False,4000.0,26000.0
